Wall time,Step,Value
1720107816.3617728,0,0.8439000248908997
1720114064.5255864,1,0.8482999801635742
1720120347.9928458,2,0.853600025177002
1720126679.6020966,3,0.8574000000953674
1720133024.4484847,4,0.8618999719619751
1720139725.3880465,5,0.8648999929428101
1720145059.264245,6,0.8690000176429749
1720150436.572316,7,0.8723999857902527
1720162294.5722444,8,0.8744999766349792
1720170493.1817622,9,0.8752999901771545
