Wall time,Step,Value
1719921762.4019861,0,0.17000000178813934
1719921784.526677,1,0.1899999976158142
1719921797.256638,2,0.20000000298023224
1719921810.371238,3,0.20000000298023224
1719921822.4676108,4,0.1899999976158142
1719921835.583346,5,0.1899999976158142
1719921848.0839388,6,0.17000000178813934
1719921860.34048,7,0.18000000715255737
1719921873.4043574,8,0.1599999964237213
1719921885.52508,9,0.17000000178813934
